{"cameraMode":{"drawMode":0,"name":"Shaded","section":"Shading Mode"},"sceneLighting":true,"audioPlay":false,"sceneViewState":{"showFog":true,"showMaterialUpdate":false,"showSkybox":true,"showFlares":true,"showImageEffects":true,"showParticleSystems":true},"in2DMode":false,"pivot":{"x":0.13304105401039124,"y":-0.3811892867088318,"z":-0.02884088084101677},"rotation":{"x":-0.21662643551826478,"y":0.5395248532295227,"z":-0.14601901173591615,"w":-0.800420880317688},"size":306.8726501464844,"orthographic":false}