{"cameraMode":{"drawMode":0,"name":"Shaded","section":"Shading Mode"},"sceneLighting":true,"audioPlay":false,"sceneViewState":{"showFog":true,"showMaterialUpdate":false,"showSkybox":true,"showFlares":true,"showImageEffects":true,"showParticleSystems":true},"in2DMode":false,"pivot":{"x":-21.915851593017579,"y":11.491645812988282,"z":17.922636032104493},"rotation":{"x":0.027293875813484193,"y":0.602288544178009,"z":0.020582744851708413,"w":-0.7975884675979614},"size":21.249874114990236,"orthographic":false}