{"cameraMode":{"drawMode":0,"name":"Shaded","section":"Shading Mode"},"sceneLighting":true,"audioPlay":false,"sceneViewState":{"showFog":true,"showMaterialUpdate":false,"showSkybox":true,"showFlares":true,"showImageEffects":true,"showParticleSystems":true},"in2DMode":false,"pivot":{"x":5.552546501159668,"y":-6.517438888549805,"z":-9.574821472167969},"rotation":{"x":0.058351047337055209,"y":-0.9148217439651489,"z":0.373168021440506,"w":0.14304617047309876},"size":29.60856056213379,"orthographic":false}